{"name":"01cef52a-8e91-4b3a-afb3-2cdf1d9edb87","id":"/providers/Microsoft.Flow/flows/01cef52a-8e91-4b3a-afb3-2cdf1d9edb87","type":"Microsoft.Flow/flows","properties":{"apiId":"/providers/Microsoft.PowerApps/apis/shared_logicflows","displayName":"End-user security notifications","definition":{"metadata":{"workflowEntityId":null,"flowclientsuspensionreason":"None","flowclientsuspensiontime":null,"creator":{"id":"d51c3422-856c-4ff6-a7b0-3d989712c4d9","type":"User","tenantId":"39a5568b-aafd-430a-a6a5-715bd29ce240"},"provisioningMethod":"FromDefinition","failureAlertSubscription":true,"clientLastModifiedTime":"2020-08-19T13:02:39.5064174Z"},"$schema":"https://schema.management.azure.com/providers/Microsoft.Logic/schemas/2016-06-01/workflowdefinition.json#","contentVersion":"1.0.0.0","parameters":{"$connections":{"defaultValue":{},"type":"Object"},"$authentication":{"defaultValue":{},"type":"SecureObject"}},"triggers":{"On_all_new_alerts":{"recurrence":{"frequency":"Minute","interval":3},"type":"OpenApiConnection","inputs":{"host":{"apiId":"/providers/Microsoft.PowerApps/apis/shared_microsoftgraphsecurity","connectionName":"shared_microsoftgraphsecurity","operationId":"OnAllNewAlerts"},"parameters":{},"authentication":"@parameters('$authentication')"}}},"actions":{"Apply_to_each":{"foreach":"@triggerOutputs()?['body/value']","actions":{"Provider":{"runAfter":{},"cases":{"Microsoft_Cloud_App_Security":{"case":"MCAS","actions":{"Alert_Category":{"runAfter":{},"cases":{"Activity_from_infrequent_country":{"case":"MCAS_ALERT_ANUBIS_DETECTION_NEW_COUNTRY","actions":{"Apply_to_each_2":{"foreach":"@items('Apply_to_each')?['userStates']","actions":{"Get_user":{"runAfter":{},"type":"OpenApiConnection","inputs":{"host":{"apiId":"/providers/Microsoft.PowerApps/apis/shared_azuread","connectionName":"shared_azuread","operationId":"GetUser"},"parameters":{"id":"@items('Apply_to_each_2')?['userPrincipalName']"},"authentication":"@parameters('$authentication')"}},"Send_an_email_notification_(V3)":{"runAfter":{"Get_user":["Succeeded"]},"type":"OpenApiConnection","inputs":{"host":{"apiId":"/providers/Microsoft.PowerApps/apis/shared_sendmail","connectionName":"shared_sendmail","operationId":"SendEmailV3"},"parameters":{"request/to":"@{outputs('Get_user')?['body/mail']};","request/subject":"Sign-in from infrequent country","request/text":"<p>Hey @{outputs('Get_user')?['body/givenName']},<br>\n<br>\nWe've seen some unsusual activity on your Office 365 account today. Here is some information about the event:<br>\n<br>\nDescription: @{items('Apply_to_each')?['description']}<br>\nDate and time: @{items('Apply_to_each')?['createdDateTime']}<br>\n<br>\nNot you? Please contact the IT Servicedesk</p>"},"authentication":"@parameters('$authentication')"}}},"runAfter":{},"type":"Foreach"}}}},"default":{"actions":{}},"expression":"@items('Apply_to_each')?['category']","type":"Switch"}}},"Azure_Active_Directory_Identity_Protection":{"case":"IPC","actions":{"Category":{"runAfter":{},"cases":{"Anonymous_IP_address":{"case":"AnonymousLogin","actions":{"Apply_to_each_3":{"foreach":"@items('Apply_to_each')?['userStates']","actions":{"Get_user_2":{"runAfter":{},"type":"OpenApiConnection","inputs":{"host":{"apiId":"/providers/Microsoft.PowerApps/apis/shared_azuread","connectionName":"shared_azuread","operationId":"GetUser"},"parameters":{"id":"@items('Apply_to_each_3')?['userPrincipalName']"},"authentication":"@parameters('$authentication')"}},"Post_a_message_as_the_Flow_bot_to_a_user":{"runAfter":{"Get_user_2":["Succeeded"]},"type":"OpenApiConnection","inputs":{"host":{"apiId":"/providers/Microsoft.PowerApps/apis/shared_teams","connectionName":"shared_teams","operationId":"PostUserNotification"},"parameters":{"PostNotificationRequest/messageTitle":"@items('Apply_to_each')?['title']","PostNotificationRequest/recipient/to":"@{outputs('Get_user_2')?['body/mail']};","PostNotificationRequest/messageBody":"Hey @{outputs('Get_user_2')?['body/displayName']}, looks like you used a TOR browser to sign-in today. Here is what we have seen in the event logs: @{items('Apply_to_each')?['description']}"},"authentication":"@parameters('$authentication')"}}},"runAfter":{},"type":"Foreach"}}}},"default":{"actions":{}},"expression":"@items('Apply_to_each')?['category']","type":"Switch"}}}},"default":{"actions":{}},"expression":"@items('Apply_to_each')?['vendorInformation/provider']","type":"Switch"}},"runAfter":{},"type":"Foreach"}},"outputs":{}},"connectionReferences":{"shared_azuread":{"connectionName":"shared-azuread-489fc67c-ced5-4034-aa35-ce291ef56e65","source":"Embedded","id":"/providers/Microsoft.PowerApps/apis/shared_azuread","tier":"NotSpecified"},"shared_sendmail":{"connectionName":"shared-sendmail-6550d980-8ca0-4f52-b0be-1c757056f6b8","source":"Embedded","id":"/providers/Microsoft.PowerApps/apis/shared_sendmail","tier":"NotSpecified"},"shared_teams":{"connectionName":"shared-teams-8225be0b-4b57-4183-9542-cb3aa71859f9","source":"Embedded","id":"/providers/Microsoft.PowerApps/apis/shared_teams","tier":"NotSpecified"},"shared_microsoftgraphsecurity":{"connectionName":"shared-microsoftgrap-68a22d6b-c57c-4e9c-8b71-b0b2c6078858","source":"Embedded","id":"/providers/Microsoft.PowerApps/apis/shared_microsoftgraphsecurity","tier":"NotSpecified"}},"flowFailureAlertSubscribed":false}}