{"name":"f1f8b286-c8c8-4ad8-bddc-4903a3308586","id":"/providers/Microsoft.Flow/flows/f1f8b286-c8c8-4ad8-bddc-4903a3308586","type":"Microsoft.Flow/flows","properties":{"apiId":"/providers/Microsoft.PowerApps/apis/shared_logicflows","displayName":"MFA recommendations Flow","definition":{"metadata":{"workflowEntityId":null,"flowclientsuspensionreason":"None","flowclientsuspensiontime":null,"creator":{"id":"d51c3422-856c-4ff6-a7b0-3d989712c4d9","type":"User","tenantId":"39a5568b-aafd-430a-a6a5-715bd29ce240"},"provisioningMethod":"FromDefinition","failureAlertSubscription":true,"clientLastModifiedTime":"2020-09-08T18:20:49.8742987Z"},"$schema":"https://schema.management.azure.com/providers/Microsoft.Logic/schemas/2016-06-01/workflowdefinition.json#","contentVersion":"1.0.0.0","parameters":{"$connections":{"defaultValue":{},"type":"Object"},"$authentication":{"defaultValue":{},"type":"SecureObject"}},"triggers":{"manual":{"type":"Request","kind":"Button","inputs":{"schema":{"type":"object","properties":{},"required":[]}}}},"actions":{"List_rows_present_in_a_table":{"runAfter":{},"metadata":{"01AOXVQRG3CMXTVVAOARB3Z37BTZQHO42F":"/MFA project/MfaAuthMethodAnalysis.xlsx","tableId":"{00000000-000C-0000-FFFF-FFFF00000000}"},"type":"OpenApiConnection","inputs":{"host":{"apiId":"/providers/Microsoft.PowerApps/apis/shared_excelonlinebusiness","connectionName":"shared_excelonlinebusiness","operationId":"GetItems"},"parameters":{"source":"groups/0d29b0dc-31b9-4018-8dd3-5d0127d4ac9e","drive":"b!gKVbBxEjyEyZu-vzucV13XjVtnVjdGxCnyA56BzHmAhRuclA898TQb_JhCvndZWr","file":"01AOXVQRG3CMXTVVAOARB3Z37BTZQHO42F","table":"{00000000-000C-0000-FFFF-FFFF00000000}"},"authentication":{"value":"@json(decodeBase64(triggerOutputs().headers['X-MS-APIM-Tokens']))['$ConnectionKey']","type":"Raw"}}},"Apply_to_each":{"foreach":"@outputs('List_rows_present_in_a_table')?['body/value']","actions":{"Get_user":{"runAfter":{},"type":"OpenApiConnection","inputs":{"host":{"apiId":"/providers/Microsoft.PowerApps/apis/shared_azuread","connectionName":"shared_azuread","operationId":"GetUser"},"parameters":{"id":"@items('Apply_to_each')?['UserPrincipalName']"},"authentication":{"value":"@json(decodeBase64(triggerOutputs().headers['X-MS-APIM-Tokens']))['$ConnectionKey']","type":"Raw"}}},"Condition":{"actions":{"Send_an_email_notification_(V3)":{"runAfter":{},"type":"OpenApiConnection","inputs":{"host":{"apiId":"/providers/Microsoft.PowerApps/apis/shared_sendmail","connectionName":"shared_sendmail_1","operationId":"SendEmailV3"},"parameters":{"request/to":"@{outputs('Get_user')?['body/mail']};","request/subject":"MFA Recommendations for @{outputs('Get_user')?['body/displayName']}","request/text":"<p>Hi @{outputs('Get_user')?['body/givenName']} ,<br>\n<br>\nwe ran some analyzes on the current MFA configuration.<br>\nBased on the results, we have some personal reccomendations for you to improve your security information.<br>\n<br>\nYou have <strong></strong><strong>@{items('Apply_to_each')?['MfaAuthMethodCount']}</strong><strong></strong> MFA methods registered at the moment. great job!<br>\nYour default MFA method is:<strong></strong><strong>@{items('Apply_to_each')?['DefaultMethod']}</strong><strong><br>\n</strong><br>\nYour personal recommendation: <strong></strong><strong>@{items('Apply_to_each')?['Recommendations']}</strong><strong></strong><br>\n<br>\nTo update your security information for your account, go to https://aka.ms/setupsecurityinfo<br>\n<br>\nStay safe!</p>"},"authentication":{"value":"@json(decodeBase64(triggerOutputs().headers['X-MS-APIM-Tokens']))['$ConnectionKey']","type":"Raw"}}}},"runAfter":{"Compose":["Succeeded"]},"else":{"actions":{"Send_an_email_notification_(V3)_2":{"runAfter":{},"type":"OpenApiConnection","inputs":{"host":{"apiId":"/providers/Microsoft.PowerApps/apis/shared_sendmail","connectionName":"shared_sendmail_1","operationId":"SendEmailV3"},"parameters":{"request/to":"@{outputs('Get_user')?['body/mail']};","request/subject":"Please update your security information","request/text":"<p>HI @{outputs('Get_user')?['body/givenName']},<br>\n<br>\nwe ran some analyzes on the current MFA configuration.<br>\nBased on the results, we have concluded that you did not register you information yet. <br>\n<br>\nOur recommendation: @{items('Apply_to_each')?['Recommendations']}<br>\n<br>\nTo register the security information for your account, go to https://aka.ms/setupsecurityinfo<br>\n<br>\nStay safe!</p>"},"authentication":{"value":"@json(decodeBase64(triggerOutputs().headers['X-MS-APIM-Tokens']))['$ConnectionKey']","type":"Raw"}}}}},"expression":{"greater":["@outputs('Compose')",0]},"type":"If"},"ComposeMFAMethods":{"runAfter":{"Get_user":["Succeeded"]},"type":"Compose","inputs":"@items('Apply_to_each')?['MfaAuthMethodCount']"},"Compose":{"runAfter":{"ComposeMFAMethods":["Succeeded"]},"type":"Compose","inputs":"@float(outputs('ComposeMFAMethods'))"}},"runAfter":{"List_rows_present_in_a_table":["Succeeded"]},"type":"Foreach"}}},"connectionReferences":{"shared_excelonlinebusiness":{"connectionName":"shared-excelonlinebu-b1783d57-785c-47ff-affd-475572517e33","source":"Invoker","id":"/providers/Microsoft.PowerApps/apis/shared_excelonlinebusiness","tier":"NotSpecified"},"shared_azuread":{"connectionName":"shared-azuread-489fc67c-ced5-4034-aa35-ce291ef56e65","source":"Invoker","id":"/providers/Microsoft.PowerApps/apis/shared_azuread","tier":"NotSpecified"},"shared_sendmail_1":{"connectionName":"shared-sendmail-2d4db521-ef30-4ea1-b1be-d3505057e192","source":"Invoker","id":"/providers/Microsoft.PowerApps/apis/shared_sendmail","tier":"NotSpecified"}},"flowFailureAlertSubscribed":false}}