{"name":"c3cbc2a6-15b1-4d6e-acae-05e4ce4a1a34","id":"/providers/Microsoft.Flow/flows/c3cbc2a6-15b1-4d6e-acae-05e4ce4a1a34","type":"Microsoft.Flow/flows","properties":{"apiId":"/providers/Microsoft.PowerApps/apis/shared_logicflows","displayName":"CreateRoleAssignableGroupsBasedOnExistingGroups","definition":{"metadata":{"workflowEntityId":null,"processAdvisorMetadata":null,"flowclientsuspensionreason":"None","flowclientsuspensiontime":null,"creator":{"id":"d51c3422-856c-4ff6-a7b0-3d989712c4d9","type":"User","tenantId":"39a5568b-aafd-430a-a6a5-715bd29ce240"},"provisioningMethod":"FromDefinition","failureAlertSubscription":true,"clientLastModifiedTime":"2021-10-27T14:43:31.3603164Z"},"$schema":"https://schema.management.azure.com/providers/Microsoft.Logic/schemas/2016-06-01/workflowdefinition.json#","contentVersion":"1.0.0.0","parameters":{"$connections":{"defaultValue":{},"type":"Object"},"$authentication":{"defaultValue":{},"type":"SecureObject"}},"triggers":{"manual":{"type":"Request","kind":"Button","inputs":{"schema":{"type":"object","properties":{},"required":[]}}}},"actions":{"List_rows_present_in_a_table":{"runAfter":{},"metadata":{"01L6W6XV4XYOHNZNOIRZDI5ELCXIUPSLZ5":"/Admins/MyCurrentAdminGroups.xlsx","tableId":"{982961B9-EBAD-438E-984A-998E056477CE}"},"type":"OpenApiConnection","inputs":{"host":{"apiId":"/providers/Microsoft.PowerApps/apis/shared_excelonlinebusiness","connectionName":"shared_excelonlinebusiness","operationId":"GetItems"},"parameters":{"source":"groups/71db32bf-1653-4858-81a2-f737f25fc193","drive":"b!r7lEUwMpMEOBTs0y2YuNVktN8xUq1YRFpLAtEJPcuaBuazfehl1WS6ChcG4F5J7M","file":"01L6W6XV4XYOHNZNOIRZDI5ELCXIUPSLZ5","table":"{982961B9-EBAD-438E-984A-998E056477CE}"},"authentication":{"value":"@json(decodeBase64(triggerOutputs().headers['X-MS-APIM-Tokens']))['$ConnectionKey']","type":"Raw"}}},"Apply_to_each":{"foreach":"@outputs('List_rows_present_in_a_table')?['body/value']","actions":{"Check_if_CopyMembers_is_True":{"actions":{"Filter_array":{"runAfter":{"Parse_JSON":["Succeeded"]},"type":"Query","inputs":{"from":"@body('Parse_JSON')?['value']","where":"@not(equals(item()?['@odata.type'], '#microsoft.graph.group'))"},"description":"Filter out groups, to end up with users and/or service principals only. Role Assignable Groups do not support nesting"},"Parse_JSON":{"runAfter":{"GetMembers":["Succeeded"]},"type":"ParseJson","inputs":{"content":"@body('GetMembers')","schema":{"type":"object","properties":{"@@odata.context":{"type":"string"},"value":{"type":"array","items":{"type":"object","properties":{"@@odata.type":{"type":"string"},"id":{"type":"string"}},"required":["@@odata.type","id"]}}}}}},"AddMembersToNewGroup":{"foreach":"@body('Filter_array')","actions":{"HTTP":{"runAfter":{},"type":"Http","inputs":{"method":"POST","uri":"https://graph.microsoft.com/v1.0/groups/@{variables('NewGroupID')}/members/$ref","body":{"@@odata.id":"https://graph.microsoft.com/v1.0/directoryObjects/@{items('AddMembersToNewGroup')?['id']}"},"authentication":{"type":"ActiveDirectoryOAuth","tenant":"39a5568b-aafd-430a-a6a5-715bd29ce240","audience":"https://graph.microsoft.com","clientId":"3e579926-f62c-47ee-bc7a-499b0f7c494a","secret":"b4R7Q~~20Zgrjm_AwhB.HHeDmIz.opP_wPFyL"}}}},"runAfter":{"Filter_array":["Succeeded"]},"type":"Foreach","description":"Loop through all the members, and add to the group"},"GetMembers":{"runAfter":{"Get_group":["Succeeded"]},"type":"Http","inputs":{"method":"GET","uri":"https://graph.microsoft.com/beta/groups/@{outputs('Get_group')?['body/id']}/transitiveMembers?$select=id","authentication":{"type":"ActiveDirectoryOAuth","tenant":"39a5568b-aafd-430a-a6a5-715bd29ce240","audience":"https://graph.microsoft.com","clientId":"3e579926-f62c-47ee-bc7a-499b0f7c494a","secret":"b4R7Q~~20Zgrjm_AwhB.HHeDmIz.opP_wPFyL"}},"description":"Get all (including nested) members of the source group"},"Get_group":{"runAfter":{},"type":"OpenApiConnection","inputs":{"host":{"apiId":"/providers/Microsoft.PowerApps/apis/shared_azuread","connectionName":"shared_azuread","operationId":"GetGroup"},"parameters":{"id":"@items('Apply_to_each')?['CurrentGroupID']"},"authentication":{"value":"@json(decodeBase64(triggerOutputs().headers['X-MS-APIM-Tokens']))['$ConnectionKey']","type":"Raw"}}}},"runAfter":{"Switch":["Succeeded"]},"expression":{"equals":["@items('Apply_to_each')?['CopyMembers']","True"]},"type":"If","description":"Determine if the members of the source group needs to be copied to the new group"},"Switch":{"runAfter":{},"cases":{"Security":{"case":"Security","actions":{"ComposeSecurityGroup":{"runAfter":{},"type":"Compose","inputs":{"displayName":"@{items('Apply_to_each')?['NewGroupName']}","isAssignableToRole":true,"mailEnabled":false,"securityEnabled":true,"mailNickname":"@{items('Apply_to_each')?['mailNickname']}","description":"@{items('Apply_to_each')?['Description']}"},"description":"Compose the body for HTTP POST request"},"CreateSecurityGroup":{"runAfter":{"ComposeSecurityGroup":["Succeeded"]},"type":"Http","inputs":{"method":"POST","uri":"https://graph.microsoft.com/beta/groups","body":"@outputs('ComposeSecurityGroup')","authentication":{"type":"ActiveDirectoryOAuth","tenant":"39a5568b-aafd-430a-a6a5-715bd29ce240","audience":"https://graph.microsoft.com","clientId":"3e579926-f62c-47ee-bc7a-499b0f7c494a","secret":"b4R7Q~~20Zgrjm_AwhB.HHeDmIz.opP_wPFyL"}},"description":"Send HTTP POST request to create the group. The body holds the outputs of the previous compose step"},"SetGroupIDforSec":{"runAfter":{"WaitForGroupCreation":["Succeeded"]},"type":"SetVariable","inputs":{"name":"NewGroupID","value":"@{outputs('CreateSecurityGroup')?['Body']?['id']}"},"description":"Grab the Group ID | outputs('CreateSecurityGroup')?['Body']?['id'"},"WaitForGroupCreation":{"runAfter":{"CreateSecurityGroup":["Succeeded"]},"type":"Wait","inputs":{"interval":{"count":5,"unit":"Second"}},"description":"Just to be sure that the group is created before going forward"}}},"Microsoft_365":{"case":"Microsoft365","actions":{"ComposeM365Group":{"runAfter":{},"type":"Compose","inputs":{"displayName":"@{variables('Prefix')}@{items('Apply_to_each')?['NewGroupName']}@{variables('Suffix')}","groupTypes":["Unified"],"isAssignableToRole":true,"mailEnabled":true,"securityEnabled":true,"mailNickname":"@{variables('Prefix')}@{items('Apply_to_each')?['mailNickname']}@{variables('Suffix')}","description":"@{items('Apply_to_each')?['Description']}","visibility":"Private"},"description":"Compose the body for HTTP POST request"},"CreateM365Group":{"runAfter":{"ComposeM365Group":["Succeeded"]},"type":"Http","inputs":{"method":"POST","uri":"https://graph.microsoft.com/beta/groups","body":"@outputs('ComposeM365Group')","authentication":{"type":"ActiveDirectoryOAuth","tenant":"39a5568b-aafd-430a-a6a5-715bd29ce240","audience":"https://graph.microsoft.com","clientId":"3e579926-f62c-47ee-bc7a-499b0f7c494a","secret":"b4R7Q~~20Zgrjm_AwhB.HHeDmIz.opP_wPFyL"}},"description":"Send HTTP POST request to create the group. The body holds the outputs of the previous compose step"},"SetGroupIDforM365":{"runAfter":{"WaitForM365GroupCreation":["Succeeded"]},"type":"SetVariable","inputs":{"name":"NewGroupID","value":"@{outputs('CreateM365Group')?['Body']?['id']}"},"description":"Grab the Group ID | outputs('CreateM365Group')?['Body']?['id']"},"WaitForM365GroupCreation":{"runAfter":{"CreateM365Group":["Succeeded"]},"type":"Wait","inputs":{"interval":{"count":5,"unit":"Second"}},"description":"Just to be sure that the group is created before going forward"}}}},"default":{"actions":{}},"expression":"@items('Apply_to_each')?['GroupType']","type":"Switch","description":"Determine what type of group needs to be created (Security or Microsoft 365)"},"ResetGroupID":{"runAfter":{"Check_if_CopyMembers_is_True":["Succeeded"]},"type":"SetVariable","inputs":{"name":"NewGroupID","value":"@{null}"},"description":"Reset the GroupID, so the next entry in the loop has an empty value"}},"runAfter":{"M365GroupSuffix":["Succeeded"]},"type":"Foreach","runtimeConfiguration":{"concurrency":{"repetitions":1}}},"NewGroupID":{"runAfter":{"List_rows_present_in_a_table":["Succeeded"]},"type":"InitializeVariable","inputs":{"variables":[{"name":"NewGroupID","type":"string"}]},"description":"Set GroupID variable. This is needed to add the members later. "},"M365GroupPrefix":{"runAfter":{"NewGroupID":["Succeeded"]},"type":"InitializeVariable","inputs":{"variables":[{"name":"Prefix","type":"string"}]},"description":"Optional - Enter prefix per your organization's Group naming requirements. Leave blank if N/A"},"M365GroupSuffix":{"runAfter":{"M365GroupPrefix":["Succeeded"]},"type":"InitializeVariable","inputs":{"variables":[{"name":"Suffix","type":"string"}]},"description":"Optional - Enter suffix per your organization's Group naming requirements. Leave blank if N/A"}},"outputs":{}},"connectionReferences":{"shared_excelonlinebusiness":{"connectionName":"shared-excelonlinebu-b1783d57-785c-47ff-affd-475572517e33","source":"Invoker","id":"/providers/Microsoft.PowerApps/apis/shared_excelonlinebusiness","tier":"NotSpecified"},"shared_azuread":{"connectionName":"6260c80b8ec046d2bf7fd8df19870c3c","source":"Invoker","id":"/providers/Microsoft.PowerApps/apis/shared_azuread","tier":"NotSpecified"}},"flowFailureAlertSubscribed":false}}