{"name":"4a882fe0-d191-4c7c-97fd-946db641d23f","id":"/providers/Microsoft.Flow/flows/4a882fe0-d191-4c7c-97fd-946db641d23f","type":"Microsoft.Flow/flows","properties":{"apiId":"/providers/Microsoft.PowerApps/apis/shared_logicflows","displayName":"Office 365 license request","definition":{"metadata":{"workflowEntityId":null,"flowclientsuspensionreason":"None","flowclientsuspensiontime":null,"creator":{"id":"d51c3422-856c-4ff6-a7b0-3d989712c4d9","type":"User","tenantId":"39a5568b-aafd-430a-a6a5-715bd29ce240"},"provisioningMethod":"FromDefinition","failureAlertSubscription":true,"clientLastModifiedTime":"2020-10-18T12:33:39.8745701Z"},"$schema":"https://schema.management.azure.com/providers/Microsoft.Logic/schemas/2016-06-01/workflowdefinition.json#","contentVersion":"1.0.0.0","parameters":{"$connections":{"defaultValue":{},"type":"Object"},"$authentication":{"defaultValue":{},"type":"SecureObject"}},"triggers":{"When_a_new_response_is_submitted":{"splitOn":"@triggerOutputs()?['body/value']","type":"OpenApiConnectionWebhook","inputs":{"host":{"apiId":"/providers/Microsoft.PowerApps/apis/shared_microsoftforms","connectionName":"shared_microsoftforms","operationId":"CreateFormWebhook"},"parameters":{"form_id":"i1alOf2qCkOmpXFb0pziQCI0HNVshfZPp7A9mJcSxNlURVdNUjlQNlFBSTlBNDA5WFZJMERQTEJJQy4u"},"authentication":"@parameters('$authentication')"}}},"actions":{"Get_response_details":{"runAfter":{},"type":"OpenApiConnection","inputs":{"host":{"apiId":"/providers/Microsoft.PowerApps/apis/shared_microsoftforms","connectionName":"shared_microsoftforms","operationId":"GetFormResponseById"},"parameters":{"form_id":"i1alOf2qCkOmpXFb0pziQCI0HNVshfZPp7A9mJcSxNlURVdNUjlQNlFBSTlBNDA5WFZJMERQTEJJQy4u","response_id":"@triggerOutputs()?['body/resourceData/responseId']"},"authentication":"@parameters('$authentication')"}},"Post_an_Adaptive_Card_to_a_Teams_user_and_wait_for_a_response":{"runAfter":{"Get_user":["Succeeded"]},"type":"OpenApiConnectionWebhook","inputs":{"host":{"apiId":"/providers/Microsoft.PowerApps/apis/shared_teams","connectionName":"shared_teams","operationId":"SubscribeUserFlowContinuation"},"parameters":{"UserFlowContinuationSubscriptionRequest/body/recipient/to":"AllanD@M365x482316.OnMicrosoft.com;","UserFlowContinuationSubscriptionRequest/body/messageBody":"{\n    \"type\": \"AdaptiveCard\",\n    \"body\": [\n        {\n            \"type\": \"TextBlock\",\n            \"text\": \"New license request\",\n            \"wrap\": true,\n            \"isVisible\": true,\n            \"size\": \"Large\",\n            \"color\": \"Good\",\n            \"separator\": true,\n            \"horizontalAlignment\": \"Center\"\n        },\n        {\n            \"type\": \"Container\",\n            \"items\": [\n                {\n                    \"type\": \"Container\",\n                    \"items\": [\n                        {\n                            \"type\": \"TextBlock\",\n                            \"text\": \"There is a new license request. Please approve or reject this request. \",\n                            \"wrap\": true,\n                            \"isSubtle\": true,\n                            \"separator\": true,\n                            \"weight\": \"Lighter\",\n                            \"fontType\": \"Default\",\n                            \"size\": \"Small\"\n                        },\n                        {\n                            \"type\": \"Container\",\n                            \"items\": [\n                                {\n                                    \"type\": \"TextBlock\",\n                                    \"text\": \"License: \",\n                                    \"wrap\": true,\n                                    \"weight\": \"Bolder\"\n                                },\n                                {\n                                    \"type\": \"TextBlock\",\n                                    \"text\": \"@{outputs('Get_response_details')?['body/rd44893f2b67446fd8eb2e776b91fa9aa']}\",\n                                    \"wrap\": true,\n                                    \"color\": \"Accent\"\n                                },\n                                {\n                                    \"type\": \"Container\",\n                                    \"items\": [\n                                        {\n                                            \"type\": \"TextBlock\",\n                                            \"text\": \"Employee: \",\n                                            \"wrap\": true,\n                                            \"weight\": \"Bolder\"\n                                        },\n                                        {\n                                            \"type\": \"TextBlock\",\n                                            \"text\": \"@{outputs('Get_user')?['body/displayName']}\",\n                                            \"wrap\": true,\n                                            \"color\": \"Accent\"\n                                        }\n                                    ]\n                                }\n                            ]\n                        }\n                    ]\n                }\n            ]\n        },\n        {\n            \"type\": \"Container\",\n            \"items\": [\n                {\n                    \"type\": \"TextBlock\",\n                    \"text\": \"Justification:\",\n                    \"wrap\": true,\n                    \"weight\": \"Bolder\"\n                },\n                {\n                    \"type\": \"TextBlock\",\n                    \"text\": \"@{outputs('Get_response_details')?['body/re7a4177b028f44cbbe1fbfd8a228f03a']}\",\n                    \"wrap\": true,\n                    \"color\": \"Accent\"\n                },\n                {\n                    \"type\": \"ActionSet\",\n                    \"actions\": [\n                        {\n                            \"type\": \"Action.Submit\",\n                            \"title\": \"Approve\",\n                            \"style\": \"positive\",\n                            \"id\": \"Approve\"\n                        }\n                    ]\n                },\n                {\n                    \"type\": \"TextBlock\",\n                    \"text\": \"If you want to reject this request, please add some explanation for the employee.\",\n                    \"wrap\": true\n                },\n                {\n                    \"type\": \"ColumnSet\",\n                    \"columns\": [\n                        {\n                            \"type\": \"Column\",\n                            \"width\": \"stretch\",\n                            \"items\": [\n                                {\n                                    \"type\": \"Input.Text\",\n                                    \"placeholder\": \"Explanation\",\n                                    \"isMultiline\": true,\n                                    \"separator\": true,\n                                    \"id\": \"clarification\"\n                                }\n                            ]\n                        },\n                        {\n                            \"type\": \"Column\",\n                            \"width\": \"stretch\",\n                            \"items\": [\n                                {\n                                    \"type\": \"ActionSet\",\n                                    \"actions\": [\n                                        {\n                                            \"type\": \"Action.Submit\",\n                                            \"title\": \"Reject\",\n                                            \"style\": \"destructive\"\n                                        }\n                                    ]\n                                }\n                            ]\n                        }\n                    ]\n                }\n            ]\n        }\n    ],\n    \"$schema\": \"http://adaptivecards.io/schemas/adaptive-card.json\",\n    \"version\": \"1.2\"\n}","UserFlowContinuationSubscriptionRequest/body/updateMessage":"The request is processed, thanks!","UserFlowContinuationSubscriptionRequest/body/shouldUpdateCard":true},"authentication":"@parameters('$authentication')"}},"Get_user":{"runAfter":{"Get_response_details":["Succeeded"]},"type":"OpenApiConnection","inputs":{"host":{"apiId":"/providers/Microsoft.PowerApps/apis/shared_azuread","connectionName":"shared_azuread","operationId":"GetUser"},"parameters":{"id":"@outputs('Get_response_details')?['body/responder']"},"authentication":"@parameters('$authentication')"}},"Condition":{"actions":{"Switch":{"runAfter":{},"cases":{"Power_BI_Pro":{"case":"Power BI Pro","actions":{"Check_group_membership_(V2)":{"runAfter":{},"type":"OpenApiConnection","inputs":{"host":{"apiId":"/providers/Microsoft.PowerApps/apis/shared_azuread","connectionName":"shared_azuread","operationId":"CheckMemberGroupsV2"},"parameters":{"id":"@outputs('Get_user')?['body/id']","body/groupIds":["60ea8a57-e8f2-490d-8243-7371a0e8827e"]},"authentication":"@parameters('$authentication')"}},"Check_membership":{"actions":{"Add_user_to_group":{"runAfter":{},"type":"OpenApiConnection","inputs":{"host":{"apiId":"/providers/Microsoft.PowerApps/apis/shared_azuread","connectionName":"shared_azuread","operationId":"AddUserToGroup"},"parameters":{"id":"60ea8a57-e8f2-490d-8243-7371a0e8827e","body/@odata.id":"@outputs('Get_user')?['body/id']"},"authentication":"@parameters('$authentication')"}},"Email_-_Success":{"runAfter":{"Add_user_to_group":["Succeeded"]},"type":"OpenApiConnection","inputs":{"host":{"apiId":"/providers/Microsoft.PowerApps/apis/shared_sendmail","connectionName":"shared_sendmail","operationId":"SendEmailV3"},"parameters":{"request/to":"@{outputs('Get_user')?['body/mail']};","request/subject":"License request for @{outputs('Get_response_details')?['body/rd44893f2b67446fd8eb2e776b91fa9aa']}","request/text":"<p>Hi @{outputs('Get_user')?['body/givenName']},<br>\n<br>\ngood news! Your license request is approved. The @{outputs('Get_response_details')?['body/rd44893f2b67446fd8eb2e776b91fa9aa']} license will be added within a couple of minutes.<br>\n<br>\nRegards, Office 365 License team</p>"},"authentication":"@parameters('$authentication')"}}},"runAfter":{"Check_group_membership_(V2)":["Succeeded"]},"else":{"actions":{"Email_-_Already_member_of_group":{"runAfter":{},"type":"OpenApiConnection","inputs":{"host":{"apiId":"/providers/Microsoft.PowerApps/apis/shared_sendmail","connectionName":"shared_sendmail","operationId":"SendEmailV3"},"parameters":{"request/to":"@{outputs('Get_user')?['body/mail']};","request/subject":"License request for @{outputs('Get_response_details')?['body/rd44893f2b67446fd8eb2e776b91fa9aa']}","request/text":"<p>Hi @{outputs('Get_user')?['body/displayName']},<br>\n<br>\nyou did a request for a @{outputs('Get_response_details')?['body/rd44893f2b67446fd8eb2e776b91fa9aa']} license.<br>\nAccording to our information check, you are already eligible for this license. <br>\nPlease check https://portal.office.com to access the app.&nbsp;</p>"},"authentication":"@parameters('$authentication')"}}}},"expression":{"not":{"contains":["@outputs('Check_group_membership_(V2)')?['body/value']","60ea8a57-e8f2-490d-8243-7371a0e8827e"]}},"type":"If"}}},"Microsoft_Power_Apps_Plan_1":{"case":"Microsoft Power Apps Plan 1","actions":{"Check_group_membership_(V2)_2":{"runAfter":{},"type":"OpenApiConnection","inputs":{"host":{"apiId":"/providers/Microsoft.PowerApps/apis/shared_azuread","connectionName":"shared_azuread","operationId":"CheckMemberGroupsV2"},"parameters":{"id":"@outputs('Get_user')?['body/id']","body/groupIds":["2debf184-37c4-4078-a019-be36ef54159c"]},"authentication":"@parameters('$authentication')"}},"Condition_2":{"actions":{"Add_user_to_group_2":{"runAfter":{},"type":"OpenApiConnection","inputs":{"host":{"apiId":"/providers/Microsoft.PowerApps/apis/shared_azuread","connectionName":"shared_azuread","operationId":"AddUserToGroup"},"parameters":{"id":"2debf184-37c4-4078-a019-be36ef54159c","body/@odata.id":"@outputs('Get_user')?['body/id']"},"authentication":"@parameters('$authentication')"}},"Email_-_Success_2":{"runAfter":{"Add_user_to_group_2":["Succeeded"]},"type":"OpenApiConnection","inputs":{"host":{"apiId":"/providers/Microsoft.PowerApps/apis/shared_sendmail","connectionName":"shared_sendmail","operationId":"SendEmailV3"},"parameters":{"request/to":"@{outputs('Get_user')?['body/mail']};","request/subject":"License request for @{outputs('Get_response_details')?['body/rd44893f2b67446fd8eb2e776b91fa9aa']}","request/text":"<p>Hi @{outputs('Get_user')?['body/givenName']},<br>\n<br>\ngood news! Your license request is approved. The @{outputs('Get_response_details')?['body/rd44893f2b67446fd8eb2e776b91fa9aa']} license will be added within a couple of minutes.<br>\n<br>\nRegards, Office 365 License team</p>"},"authentication":"@parameters('$authentication')"}}},"runAfter":{"Check_group_membership_(V2)_2":["Succeeded"]},"else":{"actions":{"Email_-_Already_member_of_group_2":{"runAfter":{},"type":"OpenApiConnection","inputs":{"host":{"apiId":"/providers/Microsoft.PowerApps/apis/shared_sendmail","connectionName":"shared_sendmail","operationId":"SendEmailV3"},"parameters":{"request/to":"@{outputs('Get_user')?['body/mail']};","request/subject":"License request for @{outputs('Get_response_details')?['body/rd44893f2b67446fd8eb2e776b91fa9aa']}","request/text":"<p>Hi @{outputs('Get_user')?['body/displayName']},<br>\n<br>\nyou did a request for a @{outputs('Get_response_details')?['body/rd44893f2b67446fd8eb2e776b91fa9aa']} license.<br>\nAccording to our information check, you are already eligible for this license. <br>\nPlease check https://portal.office.com to access the app.&nbsp;</p>"},"authentication":"@parameters('$authentication')"}}}},"expression":{"not":{"contains":["@outputs('Check_group_membership_(V2)_2')?['body/value']","2debf184-37c4-4078-a019-be36ef54159c"]}},"type":"If"}}},"Project_Plan_1":{"case":"Project Plan 1","actions":{"Check_group_membership_(V2)_3":{"runAfter":{},"type":"OpenApiConnection","inputs":{"host":{"apiId":"/providers/Microsoft.PowerApps/apis/shared_azuread","connectionName":"shared_azuread","operationId":"CheckMemberGroupsV2"},"parameters":{"id":"@outputs('Get_user')?['body/id']","body/groupIds":["d5c4edd2-5442-452b-b0d1-df73ad26d1e1"]},"authentication":"@parameters('$authentication')"}},"Condition_3":{"actions":{"Add_user_to_group_3":{"runAfter":{},"type":"OpenApiConnection","inputs":{"host":{"apiId":"/providers/Microsoft.PowerApps/apis/shared_azuread","connectionName":"shared_azuread","operationId":"AddUserToGroup"},"parameters":{"id":"d5c4edd2-5442-452b-b0d1-df73ad26d1e1","body/@odata.id":"@outputs('Get_user')?['body/id']"},"authentication":"@parameters('$authentication')"}},"Email_-_Success_3":{"runAfter":{"Add_user_to_group_3":["Succeeded"]},"type":"OpenApiConnection","inputs":{"host":{"apiId":"/providers/Microsoft.PowerApps/apis/shared_sendmail","connectionName":"shared_sendmail","operationId":"SendEmailV3"},"parameters":{"request/to":"@{outputs('Get_user')?['body/mail']};","request/subject":"License request for @{outputs('Get_response_details')?['body/rd44893f2b67446fd8eb2e776b91fa9aa']}","request/text":"<p>Hi @{outputs('Get_user')?['body/givenName']},<br>\n<br>\ngood news! Your license request is approved. The @{outputs('Get_response_details')?['body/rd44893f2b67446fd8eb2e776b91fa9aa']} license will be added within a couple of minutes.<br>\n<br>\nRegards, Office 365 License team</p>"},"authentication":"@parameters('$authentication')"}}},"runAfter":{"Check_group_membership_(V2)_3":["Succeeded"]},"else":{"actions":{"Email_-_Already_member_of_group_3":{"runAfter":{},"type":"OpenApiConnection","inputs":{"host":{"apiId":"/providers/Microsoft.PowerApps/apis/shared_sendmail","connectionName":"shared_sendmail","operationId":"SendEmailV3"},"parameters":{"request/to":"@{outputs('Get_user')?['body/mail']};","request/subject":"License request for @{outputs('Get_response_details')?['body/rd44893f2b67446fd8eb2e776b91fa9aa']}","request/text":"<p>Hi @{outputs('Get_user')?['body/displayName']},<br>\n<br>\nyou did a request for a @{outputs('Get_response_details')?['body/rd44893f2b67446fd8eb2e776b91fa9aa']} license.<br>\nAccording to our information check, you are already eligible for this license. <br>\nPlease check https://portal.office.com to access the app.&nbsp;</p>"},"authentication":"@parameters('$authentication')"}}}},"expression":{"not":{"contains":["@outputs('Check_group_membership_(V2)_3')?['body/value']","d5c4edd2-5442-452b-b0d1-df73ad26d1e1"]}},"type":"If"}}},"Visio_Plan_1":{"case":"Visio Plan 1","actions":{"Check_group_membership_(V2)_4":{"runAfter":{},"type":"OpenApiConnection","inputs":{"host":{"apiId":"/providers/Microsoft.PowerApps/apis/shared_azuread","connectionName":"shared_azuread","operationId":"CheckMemberGroupsV2"},"parameters":{"id":"@outputs('Get_user')?['body/id']","body/groupIds":["27fe4cab-5a75-4470-a7f5-a8fe6bdd7eb3"]},"authentication":"@parameters('$authentication')"}},"Condition_4":{"actions":{"Add_user_to_group_4":{"runAfter":{},"type":"OpenApiConnection","inputs":{"host":{"apiId":"/providers/Microsoft.PowerApps/apis/shared_azuread","connectionName":"shared_azuread","operationId":"AddUserToGroup"},"parameters":{"id":"27fe4cab-5a75-4470-a7f5-a8fe6bdd7eb3","body/@odata.id":"@outputs('Get_user')?['body/id']"},"authentication":"@parameters('$authentication')"}},"Email_-_Success_4":{"runAfter":{"Add_user_to_group_4":["Succeeded"]},"type":"OpenApiConnection","inputs":{"host":{"apiId":"/providers/Microsoft.PowerApps/apis/shared_sendmail","connectionName":"shared_sendmail","operationId":"SendEmailV3"},"parameters":{"request/to":"@{outputs('Get_user')?['body/mail']};","request/subject":"License request for @{outputs('Get_response_details')?['body/rd44893f2b67446fd8eb2e776b91fa9aa']}","request/text":"<p>Hi @{outputs('Get_user')?['body/givenName']},<br>\n<br>\ngood news! Your license request is approved. The @{outputs('Get_response_details')?['body/rd44893f2b67446fd8eb2e776b91fa9aa']} license will be added within a couple of minutes.<br>\n<br>\nRegards, Office 365 License team</p>"},"authentication":"@parameters('$authentication')"}}},"runAfter":{"Check_group_membership_(V2)_4":["Succeeded"]},"else":{"actions":{"Email_-_Already_member_of_group_4":{"runAfter":{},"type":"OpenApiConnection","inputs":{"host":{"apiId":"/providers/Microsoft.PowerApps/apis/shared_sendmail","connectionName":"shared_sendmail","operationId":"SendEmailV3"},"parameters":{"request/to":"@{outputs('Get_user')?['body/mail']};","request/subject":"License request for @{outputs('Get_response_details')?['body/rd44893f2b67446fd8eb2e776b91fa9aa']}","request/text":"<p>Hi @{outputs('Get_user')?['body/displayName']},<br>\n<br>\nyou did a request for a @{outputs('Get_response_details')?['body/rd44893f2b67446fd8eb2e776b91fa9aa']} license.<br>\nAccording to our information check, you are already eligible for this license. <br>\nPlease check https://portal.office.com to access the app.&nbsp;</p>"},"authentication":"@parameters('$authentication')"}}}},"expression":{"not":{"contains":["@outputs('Check_group_membership_(V2)_4')?['body/value']","27fe4cab-5a75-4470-a7f5-a8fe6bdd7eb3"]}},"type":"If"}}}},"default":{"actions":{}},"expression":"@outputs('Get_response_details')?['body/rd44893f2b67446fd8eb2e776b91fa9aa']","type":"Switch"}},"runAfter":{"Post_an_Adaptive_Card_to_a_Teams_user_and_wait_for_a_response":["Succeeded"]},"else":{"actions":{"Email_-_Request_rejected":{"runAfter":{},"type":"OpenApiConnection","inputs":{"host":{"apiId":"/providers/Microsoft.PowerApps/apis/shared_sendmail","connectionName":"shared_sendmail","operationId":"SendEmailV3"},"parameters":{"request/to":"@{outputs('Get_user')?['body/mail']};","request/subject":"License request rejected","request/text":"<p>Hi @{outputs('Get_user')?['body/givenName']},<br>\n<br>\nunfortunately your request for a @{outputs('Get_response_details')?['body/rd44893f2b67446fd8eb2e776b91fa9aa']} license is not approved. The license will not be added.<br>\n<br>\nApprovers message: &nbsp;@{body('Post_an_Adaptive_Card_to_a_Teams_user_and_wait_for_a_response')?['data']?['clarification']}</p>"},"authentication":"@parameters('$authentication')"}}}},"expression":{"equals":["@body('Post_an_Adaptive_Card_to_a_Teams_user_and_wait_for_a_response')?['submitActionId']","Approve"]},"type":"If"},"Create_item":{"runAfter":{"Condition":["Succeeded"]},"type":"OpenApiConnection","inputs":{"host":{"apiId":"/providers/Microsoft.PowerApps/apis/shared_sharepointonline","connectionName":"shared_sharepointonline","operationId":"PostItem"},"parameters":{"dataset":"https://m365x482316.sharepoint.com/sites/Mark8ProjectTeam","table":"216b6e05-66de-4eb7-a270-fb80237375b2","item/Title":"@outputs('Get_response_details')?['body/rd44893f2b67446fd8eb2e776b91fa9aa']","item/Justification":"@outputs('Get_response_details')?['body/re7a4177b028f44cbbe1fbfd8a228f03a']","item/Requestedby/Claims":"@outputs('Get_response_details')?['body/responder']","item/Requestedon":"@outputs('Get_response_details')?['body/submitDate']","item/Approved":"@body('Post_an_Adaptive_Card_to_a_Teams_user_and_wait_for_a_response')?['submitActionId']","item/Reasonforrejection":"@body('Post_an_Adaptive_Card_to_a_Teams_user_and_wait_for_a_response')?['data']?['clarification']"},"authentication":"@parameters('$authentication')"}}}},"connectionReferences":{"shared_microsoftforms":{"connectionName":"shared-microsoftform-353124f6-a664-40d0-90e9-37ce-456177bd","source":"Embedded","id":"/providers/Microsoft.PowerApps/apis/shared_microsoftforms","tier":"NotSpecified"},"shared_teams":{"connectionName":"shared-teams-8225be0b-4b57-4183-9542-cb3aa71859f9","source":"Embedded","id":"/providers/Microsoft.PowerApps/apis/shared_teams","tier":"NotSpecified"},"shared_azuread":{"connectionName":"shared-azuread-baaa902d-4b9a-4b8f-bded-e21c-eeb35564","source":"Embedded","id":"/providers/Microsoft.PowerApps/apis/shared_azuread","tier":"NotSpecified"},"shared_sendmail":{"connectionName":"shared-sendmail-2d4db521-ef30-4ea1-b1be-d3505057e192","source":"Embedded","id":"/providers/Microsoft.PowerApps/apis/shared_sendmail","tier":"NotSpecified"},"shared_sharepointonline":{"connectionName":"shared-sharepointonl-a0c2e7b1-aac0-4f2b-a8c5-1f0e-6b779e93","source":"Embedded","id":"/providers/Microsoft.PowerApps/apis/shared_sharepointonline","tier":"NotSpecified"}},"flowFailureAlertSubscribed":false}}